name,url,jobs_url,crunchbase_slugZocDoc,http://www.zocdoc.com/,http://www.zocdoc.com/careers,zocdocZeel,http://Zeel.com,,zeelYog,http://www.getyog.com,,yogYodle,http://www.yodle.com/,http://www.yodle.com/careers,yodleYipit,http://yipit.com,http://yipit.com/jobs/,yipitYext,http://www.yext.com,http://www.yext.com/company-careers.html,yextYellowHammer Media,http://www.yhmg.com/,http://www.yhmg.com/jobs.php,yellowhammer-media-groupYcharts,http://ycharts.com,http://ycharts.com/about/jobs,ychartsYAP Trackers,http://www.yaptracker.com,,yapXtify,http://xtify.com,,xtifyWork Market,https://www.workmarket.com/,https://www.workmarket.com/jobs,work-marketWNYC,http://www.wnyc.org/,http://www.wnyc.org/careers/,wnycWinito Athletics,http://www.winitoathletics.com/,http://www.winitoathletics.com/jobs.aspx,winitoWarby Parker,http://www.warbyparker.com,http://www.warbyparker.com/jobs,warby-parkerWANT!,http://want.it,,wantWanderfly,http://www.wanderfly.com,http://blog.wanderfly.com/jobs/,wanderflyVYou,http://www.vyou.com,,vyouVoxy,http://www.voxy.com,http://voxy.com/about/jobs/en/,voxyVoxel,http://voxel.net/,http://voxel.net/jobs,voxel-dot-netVouch2Go,http://www.vouch2go.com,,vouch2goVixely,http://vixely.com,,vixelyVisual Revenue,http://visualrevenue.com,http://visualrevenue.com/aboutus/jobs,visual-revenueVindico,http://vindicogroup.com/,,vindicoVimeo,http://www.vimeo.com,http://www.vimeo.com/jobs,vimeoVenueBook,http://www.venuebook.com,,venuebookUrtak,https://urtak.com/,http://about.urtak.com/jobs,urtakUpdater,http://www.updater.com,,updaterUnroll.me,http://unroll.me,,unroll-meUnigo,http://www.unigo.com,,unigoUncommon Goods,http://www.uncommongoods.com/,http://www.uncommongoods.com/careers,uncommon-goodsTxtImpact,http://www.TxtImpact.com,,txtimpact-sms-mobile-marketingTutorspree,http://www.tutorspree.com,http://startups.hackruiter.com/tutorspree,tutorspreeTurnTo Networks,http://www.turnto.com,http://seeker.dice.com/jobsearch/servlet/JobSearch?op=101&dockey=xml/5/b/5b0c31d713c399a9c4eaa6fa0c5186ea@endecaindex&c=1&source,voxel-dot-netTunecore,http://www.tunecore.com,,tunecoreTumblr,http://www.tumblr.com/about,http://www.tumblr.com/jobs,tumblrTrendabl,http://www.trendabl.com,http://trendabl.com/jobs,trendablTravel Tripper,http://www.traveltripper.com,http://www.linkedin.com/jsearch?page_num=1&sortCriteria=DD&keepFacets=&facet_COMPANY=242998&trk=NUS_CMPY_FOL-jobt,travel-tripperTradeCard,http://tradecard.com/app/bin/index.html,http://www.tradecard.com/about/careers.html,tradecardTracks,http://www.tracks.io,,tracksToura,http://toura.com/,http://toura.com/jobs,touratotsy,http://www.totsy.com/,http://www.totsy.com/pages/careers,totsyTip or Skip,http://www.tiporskip.com,,tip-or-skipTimehop,http://timehop.com/,http://timehop.com/joinus,timehopThumb,http://thumb.it,,opinionaidedThrillist,http://thrillist.com,http://www.thrillist.com/careers/,thrillist-comTheStreet,http://www.thestreet.com,http://corporate.thestreet.com/employment,thestreetTheLadders,http://www.theladders.com/,http://careers.theladders.com/current-openings/,theladdersThefuture.fm,http://thefuture.fm,,thefuturefmThe Mindriot,http://themindriot.com,,the-mindriotThe Echo System,http://www.theechosystem.com,,the-echo-systemSvpply,http://www.svpply.com,,svpplySuperpowered,http://www.superpoweredhq.com,,superpoweredSumAll,http://www.sumall.com,,sumallSulia,http://www.sulia.com,http://www.sulia.com/jobs,tlistsStyleCaster,http://www.stylecaster.com,,stylecasterStreetEasy,http://streeteasy.com,,streeteasySTELLAService,http://www.stellaservice.com/,http://www.stellaservice.com/about_jobs/,stellaserviceStamped,http://www.stamped.com,,stampedSquarespace,http://www.squarespace.com,careers.squarespace.com,squarespaceSponsor Hub,http://www.sponsorhub.com,http://www.sponsorhub.com/careers,sponsorhubSpinlister,http://spinlister.com/,http://blog.spinlister.com/post/11624000913/hustlers-please-apply,spinlisterSongza,http://www.songza.com,,songzaSongtrust,http://songtrust.com,http://blog.songtrust.com/jobs,songtrustSonar,http://www.sonar.me,http://www.sonar.me/jobs,sonarSolvate,http://www.solvate.com,,solvate-comSociocast,http://www.sociocast.com,http://www.sociocast.com/careers.php,sociocast-networksSocialFlow,http://www.socialflow.com/,,socialflowSocial Fresh,http://socialfresh.com,,social-freshSnooth Media,http://www.snooth.com,http://www.snooth.com/jobs/,snoothSnapGoods,http://snapgoods.com,,snapgoods-comSNAP Interactive,http://www.snap-interactive.com,http://www.snap-interactive.com/jobs,snap-interactive-incSmartling,http://www.smartling.com,,smartlingSlader,http://www.slader.com/,http://www.slader.com/jobs,sladerSkillshare,http://www.skillshare.com/,http://www.skillshare.com/careers,skillshareSinglePlatform,http://www.singleplatform.com,,singleplatformSignpost,http://www.signpost.com,http://www.signpost.com/careers,signpostSideTour,http://www.sidetour.com,,sidetourShowMe,http://www.showme.com,http://www.showme.com/careers,showmeShoptiques,http://www.shoptiques.com,http://www.shoptiques.com/careers,shoptiquesShopKeep.com,http://www.shopkeep.com,http://shopkeep.jobscore.com/list,shopkeep-comShelby.tv,http://shelby.tv/,http://shelby.tv/blog/workwithus,shelby-tvShapeways,http://www.shapeways.com,http://www.shapeways.com/jobs,shapewaysSense Networks,http://www.sensenetworks.com/,http://www.sensenetworks.com/about_careers.php,sense-networksSend Word Now,http://www.sendwordnow.com,,sendwordnowSecondMarket,http://www.secondmarket.com,https://www.secondmarket.com/careers?t=hlo,secondmarketSeatGeek,http://seatgeek.com,http://seatgeek.com/jobs/,seatgeekSeamless Receipts,http://www.seamlessreceipts.com,,seamlessreceiptsSchoology,http://www.schoology.com,https://www.schoology.com/jobs.php,schoologySavored,http://Savored.com,http://Savored.com/jobs,savoredSalonPulse,http://www.salonpulse.com,,salonpulseSailthru,http://sailthru.com,https://www.sailthru.com/careers,sailthruRocketHub,http://www.Rockethub.com,,rockethubRock the Post,http://www.rockthepost.com,http://www.rockthepost.com/careers,rock-the-postRoboinvest,http://www.roboinvest.com//,,roboinvestRightsFlow,http://www.rightsflow.com,,rightsflowRentenna,http://www.rentenna.com,,rentennaRent the Runway,http://www.renttherunway.com,http://www.renttherunway.com/careers,rent-the-runwayRefinery29,http://www.refinery29.com,http://www.refinery29.com/careers,refinery29RedRover,http://redroverapp.com,,redroverRed Rover,http://redroverhq.com,,red-roverRecordSetter,http://recordsetter.com/,http://recordsetter.com/jobs,universal-record-databasereComparison,http://recomparison.com,,comparisonz-comReadability,http://www.readability.com,,readabilityQuirky,http://www.quirky.com,http://www.quirky.com/about#careers,quirkyProducteev,http://www.producteev.com,http://jobs.producteev.com,producteevPricing Engine,http://www.pricingengine.com,https://www.pricingengine.com/Home/Careers,pricing-enginePostHelpers,http://www.posthelpers.com,,posthelpersPlyfe,http://plyfe.me/,http://blog.plyfe.me/jobs,plyfePixable,http://www.pixable.com/,http://www.pixable.com/about_us/jobs.php,pixablePiictu,http://www.piictu.com,,piictuPetFlow,http://www.petflow.com,,petflowPerpetually,http://perpetually.com,,perpetually-comPeekYou,http://www.peekyou.com,http://www.peekyou.com/jobs,peekyouPeek,http://www.peek.ly,http://www.peek.ly/blog/?s=hiring,peekParse.ly,http://parsely.com,,parselyPaperless Post,http://www.paperlesspost.com,http://www.paperlesspost.com/jobs,paperless-postPanelfly,http://www.panelfly.com,,panelflyOyster,http://www.oyster.com,http://www.oyster.com/about/jobs/,oyster-hotel-reviewsOpenSky,http://opensky.com,https://opensky.com/content/jobs,openskyOnSwipe,http://www.onswipe.com,http://blog.onswipe.com,onswipeOneWire,https://www.onewire.com/,https://www.onewire.com/f_13-OneWire-Inc.aspx,onewireOnepager,http://onepagerapp.com,mailto:hi@onepagerapp.com,onepagerOLO,http://www.olo.com,,oloOfferPop,http://offerpop.com/,http://offerpop.com/SiteCareers.psp,offerpopnrelate,http://www.nrelate.com,http://nrelate.com/jobs/,nrelateNoSQL Weekly,http://www.nosqlweekly.com,,nosql-weeklyNoom,http://www.noom.com/,http://www.noom.com/jobs/,noomNext Jump,http://www.nextjump.com/,http://www.nextjump.com/about/careers,next-jumpNewsLook,http://www.newslook.com,,issues-tvNewsCred,http://newscred.com/,,newscredNews.me,http://www.news.me,http://www.news.me/jobs,news-meNew Work City,http://nwc.co,,new-work-city-3Nestio,http://nestio.com/,,nestioNaked Apartments,http://www.nakedapartments.com,,naked-apartmentsMyBankTracker,http://www.mybanktracker.com,http://www.ad60.com/jobs/,my-bank-trackerMy City Way,http://www.mycityway.com/,http://www.mycityway.com/contact.html,my-city-waySaw horse mediaMuck Rack,http://muckrack.com,,sawhorse-mediaMoovAtom Inc.,http://www.moovatom.com,,moovatomMoonit,http://moonit.com,,moonitMongoDB,http://www.mongodb.org/,,mongodbMixel,http://mixel.cc/,http://mixel.cc/jobs,lascaux-coMindbug,http://www.mindbugstudios.com/,,mindbug-studiosMimeo,http://www.mimeo.com,,mimeoMileWise,http://www.milewise.com,http://localhost:9000/about,milewiseMemrise,http://www.memrise.com/,http://www.memrise.com/about/jobs/,memriseMeetup,http://www.meetup.com,,meetupMeeGenius Inc,http://meegenius.com/,,meegeniusMediaMath,http://www.mediamath.com,http://www.mediamath.com/about/careers/,mediamathMedialets,http://www.medialets.com,http://www.medialets.com/who-we-are/careers/open-positions/,medialetsMedia6Degrees,http://media6degrees.com/,http://media6degrees.com/careers/join-us/,media6degreesMarquee Media,http://marqueemedia.com/,http://marqueemedia.com/about/careers,minus-comMarketsharing,http://www.marketsharing.com,,marketsharingMarket Publique,http://www.marketpublique.com,,market-publiqueMagnify,http://www.magnify.net,http://magnifyjobs.magnify.net/,magnifyLot18,http://lot18.com,,lot18Lore,http://lore.com/,http://lore.com/jobs/,coursekitLoosecubes,http://loosecubes.com/,http://loosecubes.com/l/work-at-loosecubes,loosecubesLongtail Video,http://www.longtailvideo.com/,http://www.longtailvideo.com/about/careers/,longtail-videoLocal Response,http://www.localresponse.com,,local-responseLivestream,http://www.livestream.com,,livestreamLiveIntent,http://www.liveintent.com,http://www.linkedin.com/company/liveintent-inc./careers,liveintentlittleBits,http://littlebits.cc,http://littleBits.cc/careers,littlebitsLifebooker,http://nyc.lifebooker.com/,http://nyc.lifebooker.com/jobs,lifebooker-comLenddo,http://Lenddo.com,http://lenddo.jobscore.com,lenddoLearnVest,http://www.learnvest.com/,http://www.learnvest.com/we-are-hiring/,learnvestLean Startup Machine,http://leanstartupmachine.com/,http://leanstartupmachine.com/jobs/,the-lean-startup-machineLeadmotion,http://leadmotion.mobi/,http://leadmotion.mobi/careers,leadmotionKrossover,www.krossover.com,http://www.startuply.com/Companies/Krossover_3764.aspx,krossover-intelligenceKnow Your Meme,http://knowyourmeme.com,,know-your-memeKnodes,http://knod.es/,http://knod.es/index/jobs,knodesKnewton,http://www.knewton.com/,http://www.knewton.com/jobs/,knewtonKikin,http://www.kikin.com/,http://www.kikin.com/jobs,kikinKargo,http://www.kargo.com,http://www.kargo.com/careers,kargoKapture,http://kaptu.re,http://kaptu.re/jobs,kaptureKaptur,http://www.kaptur.com,http://corp.kaptur.com/contactForm.php,kapturJux,http://www.jux.com,,juxJOOR,http://www.jooraccess.com,http://jooraccess.com/about#careers,joorJIBE,http://www.jibe.com,,jibeJetsetter,http://www.jetsetter.com/,http://www.jetsetter.com/careers,jetsetterINTRO Labs,http://www.getintro.net,,getintroIntent Media,http://www.intentmedia.com/,http://www.intentmedia.com/jobs,intent-mediaIngk Labs,http://ingk.com,,ingk-labsIndaba Music,http://www.indabamusic.com/,,indabamusicImmersive Labs,http://www.immersivelabs.com/,http://immersivelabs.com/index.php/careers,immersive-labsIDT Partners,http://www.idtpartner.com,http://www.idtpartners.com/careers,idt-partnersIdeeli,http://ideeli.com,http://tbe.taleo.net/NA3/ats/careers/searchResults.jsp?org=IDEELI&cws=1,ideeliIceHook Systems,http://www.icehook.com,,icehook-systemsHuntsy,http://www.huntsy.com,,huntsyHunch,http://hunch.com/,http://hunch.com/info/jobs/,hunchhow about we,http://HowAboutWe.com,http://www.howaboutwe.com/jobs,how-about-weHourly,http://hourly.com,,hour-ly-2Hotlist,http://Hotlist.com,http://www.hotlist.com/careers/,hotlistHopStop,http://hopstop.com,http://hopstop.com/about/careers,hopstop-comHonestly Now,http://www.honestlynow.com,,honestly-nowHarvest,http://www.getharvest.com/,http://www.getharvest.com/careers,harvestGust,http://gust.com/,http://careers.stackoverflow.com/jobs/19787/senior-rails-web-developer-at-rapid-growth-pot-gust?a=nnrw88w,gustGrovo,http://www.grovo.com/,http://www.grovo.com/careers,grovoGrouper,http://joingrouper.com,,grouper-2Group Commerce,http://www.groupcommerce.com,,group-commerceGreatist,http://www.greatist.com/,http://www.greatist.com/careers/,the-greatistGramercyOne,http://www.gramercyone.com/,http://www.gramercyone.com/about-us/careers/,gramercyoneGrade Spotter,http://gradespotter.com,,grade-spotterGift Hit,http://www.gifthit.com,https://www.gifthit.com/about/jobs,gift-hitGetGlue,http://getglue.com,http://getglue.com/about,getglueGeneral Assembly,http://generalassemb.ly,http://generalassemb.ly/jobs,general-assemblyGameChanger,http://www.gamechanger.io,http://www.gc.io/careers,gamechanger-mediaGallerama,http://www.gallerama.com,,galleramaFriendsEAT,http://friendseat.com,friendseat.com/jobs,friendseatFreelancers Union,http://freelancersunion.org,https://be.freelancersunion.org/about/jobs/,freelancers-unionFreeDirectMedia.com,http://www.freedirectmedia.com/,http://www.freedirectmedia.com/about-us-jobs.jsp,freedirect-mediaFranchiseHelp,http://FranchiseHelp.com,,franchisehelpFoursquare,http://www.foursquare.com,,foursquareForrst,http://forrst.com,,forrstFood52,http://www.food52.com/,,food52Fog Creek,http://www.fogcreek.com/,http://www.fogcreek.com/careers.html,fog-creek-softwareFlavorpill,http://www.flavorpill.com,jobs.flavorpill.com,flavorpillFitocracy,http://www.fitocracy.com,http://www.fitocracy.com/jobs,fitocracyFathom,http://fathomaway.com/,http://fathomaway.com/jobs/,fathom-seo-search-engine-optimizationFashism,http://fashism.com,,fashismFancy Hands,http://www.fancyhands.com,http://www.fancyhands.com/jobs,fancy-handsFaithStreet,http://www.faithstreet.com/,,faithstreetExamville,http://www.examville.com,,examvilleEx.fm,http://ex.fm/,http://ex.fm/jobs,extension-entertainmentEvidon,http://www.evidon.com/,http://www.evidon.com/jobs,better-advertisingEtsy,http://www.etsy.com/,http://www.etsy.com/careers/,etsyEstimize,http://signup.estimize.com/,http://estimizeinc.jobscore.com/jobs/estimizeinc/list,estimizeEnertiv,http://www.enertiv.com,http://enertiv.com/careers/,enertivEnergyHub,http://www.energyhub.com/,http://www.energyhub.com/aboutus/careers/open-positions/,energyhubEfficiency 2.0,http://efficiency20.com,http://jobs.efficiency20.com,efficiency-2-0DynamicOxygen,http://www.dynamicoxygen.com/,http://www.dynamicoxygen.com/careers.htm,dynamicoxygendotbox,http://www.dotbox.com,,dotboxDoormates Inc.,http://www.doormates.com,http://beta.doormates.com/pages/careers,doormatesDoodle.ly,http://doodle.ly,,doodle-lyDoes That Make Sense,http://doesthatmakesense.com,doesthatmakesense.com/apply,doesthatmakesense-comDocracy,http://www.docracy.com,,docracyDigital Ocean,http://www.digitalocean.com,,digital-ocean-marketingDesigner Pages,http://www.designerpages.com,,designerpages-2DealSurf,http://www.dealsurf.com,,dealsurf-3Daylife,http://www.daylife.com,http://www.daylife.com/about-us/jobs/,daylifeDateMySchool,http://datemyschool.com/,,datemyschoolCustora,https://www.custora.com/,,custoraCrowdTwist,http://www.crowdtwist.com,http://crowdtwist.com/careers,crowdtwistCrowdtap,http://crowdtap.com,http://crowdtap.it/jobs/,crowdtapCrisp Media,http://crispmedia.com,http://www.crispmedia.com/content/careers-crisp-media,crisp-wirelessCraft Coffee,http://craftcoffee.com,http://craftcoffee.com/jobs,craftcoffeeContently,http://contently.com,,contentlyConsmr,http://www.consmr.com/,,consmrConductor Inc,http://www.conductor.com,http://www.conductor.com/about/careers,conductorcomiXology,http://www.comixology.com,http://www.comixology.com/jobs/,comixologyCollective[i],http://www.collectivei.com,http://www.collectivei.com/work-at-ccm/,collective-iCodecademy,http://www.codecademy.com/,http://www.codecademy.com/jobs,codecademyClothes Horse,http://www.clotheshor.se,,clothes-horseCityPockets,http://www.CityPockets.com,www.CityPockets.com/jobs,citypocketsCitelighter,http://www.citelighter.com,,citelighterCinchcast,http://www.cinchcast.com,http://cinchcast.com/about/join-the-team,cinchcastCheetahMail,http://www.cheetahmail.com,http://hire.jobvite.com/CompanyJobs/Careers.aspx?c=qU39VfwL&su=fhr9Vfww&cs=9lt9VfwC,cheetahmailCheapism,http://www.cheapism.com,http://www.cheapism.com/p/jobs.mhtml,cheapism-comChartBeat,http://www.chartbeat.com,,chartbeatChallengePost,Http://ChallengePost.com,http://challengepost.com/jobs,challengepostCentzy,http://centzy.com,,centzyCellfish,http://www.cellfish.com,http://www.cellfishmedia.com/careers/currentopenings/,cellfish-mediaCaseable,http://www.caseable.com/,http://www.caseable.com/jobs,caseableCarrot Creative,http://carrotcreative.com,http://carrotcreative.com/careers,carrot-creativeCapture Your Flag,http://captureyourflag.com,,capture-your-flag-llcCanvas,http://canvas.is/,http://canvas.is/#/join-us,canvasBytemark,http://www.bytemark.co/,,bytemark-incBuzzFeed,http://www.buzzfeed.com,,buzzfeedBusinessWeek,http://www.businessweek.com,,businessweekBusinessReel,http://www.businessreel.com/,,businessreelBundle,http://bundle.com/,http://money.saviply.com/careers/,bundleBuddy Media,http://www.buddymedia.com,http://www.buddymedia.com/company/careers,buddymediaBookish,http://bookish.com,,bookishBluewolf Group,http://www.bluewolf.com,http://www.bluewolf.com/jobs-bluewolf,bluewolfBlue Fountain Media,http://www.bluefountainmedia.com,http://www.bluefountainmedia.com/hiring,blue-fountain-mediaBloomberg,http://bloomberg.com/professional,http://bloomberg.com/careers,bloombergBlankSlate,http://blankslate.com,,blank-slate-factoryBlack Lapel,http://www.blacklapel.com,,black-lapelBizodo,http://www.bizodo.com,http://team.bizodo.com/f/hireme,bizodoBitly,http://www.bit.ly,,bitly-2Birchbox,http://www.birchbox.com,http://birchbox.theresumator.com/,birchboxBillGuard,http://www.billguard.com,http://www.billguard.com/opportunities,billguardBetterment,http://www.betterment.com,https://www.betterment.com/about/jobs/,bettermentBestVendor,http://www.bestvendor.com,http://blog.bestvendor.com/jobs/,bestvendorBespoke Post,http://www.bespokepost.com,http://www.bespokepost.com/jobs,bespoke-postBehance,http://www.behance.net/,http://www.behance.com/Careers,behanceBeenVerified,http://www.beenverified.com/,,beenverifiedBarrel,http://www.barrelny.com/,,barrelBanters,http://banters.com,,banterBackstory,http://getbackstory.com,,backstoryAxialMarket,https://www.axialmarket.com/,https://www.axialmarket.com/about/careers/,axialmarketAviary,http://www.aviary.com/,http://www.aviary.com/jobs,aviaryAugmate,http://www.augmate.com/,http://www.augmate.com/ContactUs.aspx,augmate-realityAtlantic Metro Communications,http://atlanticmetro.net/#4,,atlantic-metro-communicationsArtsicle,http://www.artsicle.com/,http://www.artsicle.com/team,artsicleArt.sy,http://art.sy/,http://art.sy/pages/jobs,art-syAppNexus,http://www.appnexus.com/,http://appnexus.com/careers/,appnexusAppboy Inc.,http://www.appboy.com,http://www.appboy.com/jobs,appboyAppAddictive,http://www.appaddictive.com/,http://www.appaddictive.com/entrepreneural.php,appaddictiveAnimoto,http://animoto.com/,http://animoto.com/about/careers,animotoAllmenus,http://allmenus.com/,http://dotmenu.catsone.com/careers/?portal,allmenusAHALife,http://www.ahalife.com,,ahalifeadtivity by appssavvy,http://appssavvy.com/,http://appssavvy.com/company/careers,appssavvyADstruc,http://www.adstruc.com,http://adstruc.com/jobs,adstrucAdSafe Media,http://adsafemedia.com/,http://adsafemedia.com/about-adsafe/careers,adsafeAdmeld,http://www.admeld.com/,http://www.admeld.com/about/jobs/,admeldadMarketplace,http://www.admarketplace.com/,http://admarketplace.force.com/careers/,admarketplaceAdcade,http://adcade.com,,adcadeAdaptly,http://www.adaptly.com/,http://www.adaptly.com/info/jobs,adapt-lyAccompl.sh,http://accompl.sh/,,accompl-sh8coupons,http://www.8coupons.com/,,8coupons20x200,http://www.20x200.com/index-rv.html,http://www.20x200.com/jobs/,20x20010gen,http://www.10gen.com,http://www.10gen.com/careers,10gen